{
    "loss": 0.11659826338291168,
    "accuracy": 0.9803921580314636
}