{
    "loss": 0.017861980944871902,
    "accuracy": 0.9901960492134094
}