{
    "loss": 35.43086624145508,
    "accuracy": 0.4313725531101227
}